Title,Description,Date,Archive,Download_URL
Category:Antakya - Wikimedia Commons,,,commons.wikimedia.org,https://commons.wikimedia.org/wiki/File:Antakya_-_2011-04-10.jpg
Category:Antakya - Wikimedia Commons,,,commons.wikimedia.org,https://upload.wikimedia.org/wikipedia/commons/thumb/8/8a/Wikivoyage-logo.svg/20px-Wikivoyage-logo.svg.png
Category:Antakya - Wikimedia Commons,,,commons.wikimedia.org,https://upload.wikimedia.org/wikipedia/commons/thumb/8/8e/Logo_Gemeinsame_Normdatei_%28GND%29.svg/20px-Logo_Gemeinsame_Normdatei_%28GND%29.svg.png
Category:Antakya - Wikimedia Commons,,,commons.wikimedia.org,https://commons.wikimedia.org/wiki/File:Antakya_-_Bandiera_turca_presso_la_Statua_di_Ataturk_-_panoramio.jpg
Category:Antakya - Wikimedia Commons,,,commons.wikimedia.org,https://commons.wikimedia.org/wiki/File:Antakya_12.jpg
Category:Antakya - Wikimedia Commons,,,commons.wikimedia.org,https://commons.wikimedia.org/wiki/File:Antakya_bmhd_2023039.jpg
Category:Antakya - Wikimedia Commons,,,commons.wikimedia.org,https://commons.wikimedia.org/wiki/File:Antakya_on_a_rainy_day_in_2022.jpg
Category:Antakya - Wikimedia Commons,,,commons.wikimedia.org,"https://commons.wikimedia.org/wiki/File:Antakya,_Turkey_(2023-11-15-07-33-05_UMBRA-05).tiff"
Category:Antakya - Wikimedia Commons,,,commons.wikimedia.org,https://commons.wikimedia.org/wiki/File:Antakyarecover_bmhd_2023120_lrg.jpg
Category:Antakya - Wikimedia Commons,,,commons.wikimedia.org,https://commons.wikimedia.org/wiki/File:Antakyarecover_bmhd_2023120.jpg
Category:Antakya - Wikimedia Commons,,,commons.wikimedia.org,https://commons.wikimedia.org/wiki/File:Antakyawide_bmhd_2023120.jpg
Category:Antakya - Wikimedia Commons,,,commons.wikimedia.org,"https://commons.wikimedia.org/wiki/File:Bozlu-Antakya-Hatay,_Turkey_-_panoramio_(2).jpg"
Category:Antakya - Wikimedia Commons,,,commons.wikimedia.org,"https://commons.wikimedia.org/wiki/File:Bozlu-Antakya-Hatay,_Turkey_-_panoramio_(3).jpg"
Category:Antakya - Wikimedia Commons,,,commons.wikimedia.org,https://commons.wikimedia.org/wiki/File:Dark_Nights_in_Antakya_(SVS31224).tiff
Category:Antakya - Wikimedia Commons,,,commons.wikimedia.org,https://upload.wikimedia.org/wikipedia/commons/thumb/1/16/Destruction_in_Turkish_city_of_Antakya_ESA24720887.gif/120px-Destruction_in_Turkish_city_of_Antakya_ESA24720887.gif
Category:Antakya - Wikimedia Commons,,,commons.wikimedia.org,https://commons.wikimedia.org/wiki/File:Empty_plots_of_land_in_Antakya_city_center_after_debris_clean-up.jpg
Category:Antakya - Wikimedia Commons,,,commons.wikimedia.org,https://commons.wikimedia.org/wiki/File:Hatay_location_Antakya.png
Category:Antakya - Wikimedia Commons,,,commons.wikimedia.org,https://commons.wikimedia.org/wiki/File:Kdalyan.jpg
Category:Antakya - Wikimedia Commons,,,commons.wikimedia.org,https://commons.wikimedia.org/wiki/File:Mara%C5%9F-Graben_12_09_1973_K%C3%BCrt_Da%C4%9F%C4%B1.jpg
Category:Antioch - Wikimedia Commons,,,commons.wikimedia.org,https://commons.wikimedia.org/wiki/File:Antiochia_su_Oronte.PNG
Category:Antioch - Wikimedia Commons,,,commons.wikimedia.org,https://commons.wikimedia.org/wiki/File:Antiochmap2.PNG
Category:Antioch - Wikimedia Commons,,,commons.wikimedia.org,https://commons.wikimedia.org/wiki/File:%27Antinoe%27_(41)_RMG_PU9095.tiff
Category:Antioch - Wikimedia Commons,,,commons.wikimedia.org,https://commons.wikimedia.org/wiki/File:1624_imaginary_view_of_Daphne_in_Antioch_by_Abraham_Ortelius.jpg
Category:Antioch - Wikimedia Commons,,,commons.wikimedia.org,https://commons.wikimedia.org/wiki/File:PARSONS(1808)_p085_Antiochia.jpg
Category:Antioch - Wikimedia Commons,,,commons.wikimedia.org,https://commons.wikimedia.org/wiki/File:1837-38-Antioch.png
Category:Antioch - Wikimedia Commons,,,commons.wikimedia.org,https://commons.wikimedia.org/wiki/File:1909historyofdec04gibbuoft_452a.jpg
Category:Antioch - Wikimedia Commons,,,commons.wikimedia.org,https://commons.wikimedia.org/wiki/File:1909historyofdec04gibbuoft_452b.jpg
Category:Antioch - Wikimedia Commons,,,commons.wikimedia.org,"https://commons.wikimedia.org/wiki/File:A_description_of_the_East,_and_some_other_countries_(1743)_(14750285536).jpg"
Category:Antioch - Wikimedia Commons,,,commons.wikimedia.org,https://commons.wikimedia.org/wiki/File:Antioch_Alexandria_and_Seleucia.png
Category:Antioch - Wikimedia Commons,,,commons.wikimedia.org,https://commons.wikimedia.org/wiki/File:Antioch_Cliff_and_River_(9088060104).jpg
Category:Antioch - Wikimedia Commons,,,commons.wikimedia.org,https://commons.wikimedia.org/wiki/File:Antioch_in_Syria_engraving_by_William_Miller_after_H_Warren.jpg
Category:Antioch - Wikimedia Commons,,,commons.wikimedia.org,"https://commons.wikimedia.org/wiki/File:Antioch_on_the_Orontes,_Antakya,_Turkey_(35844551410).jpg"
Category:Antioch - Wikimedia Commons,,,commons.wikimedia.org,"https://commons.wikimedia.org/wiki/File:Antioch_on_the_Orontes,_Antakya,_Turkey_(35863345530).jpg"
Category:Antioch - Wikimedia Commons,,,commons.wikimedia.org,https://upload.wikimedia.org/wikipedia/commons/thumb/a/ae/Antioch_Orontes_ua.GIF/120px-Antioch_Orontes_ua.GIF
Category:Antioch - Wikimedia Commons,,,commons.wikimedia.org,https://commons.wikimedia.org/wiki/File:Antioch_towers_of_a_ruined_castle_(crop).jpg
Category:Antioch - Wikimedia Commons,,,commons.wikimedia.org,https://commons.wikimedia.org/wiki/File:Antioch_towers_of_a_ruined_castle.jpg
Category:Antioch - Wikimedia Commons,,,commons.wikimedia.org,"https://commons.wikimedia.org/wiki/File:Antioch,_Illustration_for_La_Terre-Sainte_et_les_lieux_illustr%C3%A9s_par_les_ap%C3%B4tres,_by_Adrien_Egron,_1837_(34).jpg"
Category:Antioch - Wikimedia Commons,,,commons.wikimedia.org,https://commons.wikimedia.org/wiki/File:Antiochmap.png
Category:Antioch - Wikimedia Commons,,,commons.wikimedia.org,https://commons.wikimedia.org/wiki/File:AntiochRamparts.jpg
Category:Antioch - Wikimedia Commons,,,commons.wikimedia.org,"https://commons.wikimedia.org/wiki/File:Beit_el_Ma,_near_Antioch,_supposed_site_of_Daphne_-_Carne_John_-_1836.jpg"
Category:Antioch - Wikimedia Commons,,,commons.wikimedia.org,https://commons.wikimedia.org/wiki/File:Botting_Ct._-_panoramio.jpg
Category:Antioch - Wikimedia Commons,,,commons.wikimedia.org,https://commons.wikimedia.org/wiki/File:Cameo_Julian_the_Apostate_Inv312a_CdM_Paris.jpg
Category:Antioch - Wikimedia Commons,,,commons.wikimedia.org,https://commons.wikimedia.org/wiki/File:Caption-_Antioch_as_it_looked_in_February_1920._(9088060306).jpg
Category:Antioch - Wikimedia Commons,,,commons.wikimedia.org,https://commons.wikimedia.org/wiki/File:Cassas1800bd1_0007_(cropped).jpg
Category:Antioch - Wikimedia Commons,,,commons.wikimedia.org,https://commons.wikimedia.org/wiki/File:Cassas1800bd1_0007.jpg
Category:Antioch - Wikimedia Commons,,,commons.wikimedia.org,https://commons.wikimedia.org/wiki/File:Cassas1800bd1_0011.jpg
Category:Antioch - Wikimedia Commons,,,commons.wikimedia.org,https://commons.wikimedia.org/wiki/File:Cemetery_ans_walls_of_Antioch_-_Carne_John_-_1836.jpg
Category:Antioch - Wikimedia Commons,,,commons.wikimedia.org,"https://commons.wikimedia.org/wiki/File:Ebremars,_Archbishop_of_Caesarea.jpg"
Category:Antioch - Wikimedia Commons,,,commons.wikimedia.org,https://commons.wikimedia.org/wiki/File:Fall_of_Antioch_in_969.png
Category:Antioch - Wikimedia Commons,,,commons.wikimedia.org,https://commons.wikimedia.org/wiki/File:Femme_d%27Alep_Femme_d%27Antioche_-_Castellan_Antoine-laurent_-_1812.jpg
Category:Antioch - Wikimedia Commons,,,commons.wikimedia.org,https://commons.wikimedia.org/wiki/File:Flag_of_Antioque.png
Category:Antioch - Wikimedia Commons,,,commons.wikimedia.org,https://commons.wikimedia.org/wiki/File:Funerary_relief_of_Caesianus_(Worcester_Art_Mus_1936.41).jpg
Category:Antioch - Wikimedia Commons,,,commons.wikimedia.org,https://commons.wikimedia.org/wiki/File:Funerary_stele_of_Claudius_(Worcester_Art_Mus_1936.42).jpg
Category:Antioch - Wikimedia Commons,,,commons.wikimedia.org,https://commons.wikimedia.org/wiki/File:GRAND_TEMPLE_ANTIOCHE_vue_biais.jpg
Category:Antioch - Wikimedia Commons,,,commons.wikimedia.org,https://commons.wikimedia.org/wiki/File:Grand_Temple_Antioche_%C3%A9l%C3%A9vation_1.jpg
Category:Antioch - Wikimedia Commons,,,commons.wikimedia.org,https://commons.wikimedia.org/wiki/File:GRAND_TEMPLE_ANTIOCHE_%C3%A9l%C3%A9vation_2.jpg
Category:Antioch - Wikimedia Commons,,,commons.wikimedia.org,"https://commons.wikimedia.org/wiki/File:House_of_Girgius_Adeeb,_at_Antioch_-_Carne_John_-_1836.jpg"
Category:Antioch - Wikimedia Commons,,,commons.wikimedia.org,"https://commons.wikimedia.org/wiki/File:Iscrizione_paleocristiana,_sec._IV_-_Da_S._Sebastiano_in_catacumbas,_Roma_--_Pinacoteca_Ambrosiana,_Milano._Foto_Giovanni_Dall%27Orto,_10_Ott_2023_3.jpg"
Category:Antioch - Wikimedia Commons,,,commons.wikimedia.org,https://commons.wikimedia.org/wiki/File:Kafes_ku%C5%9F.JPG
Category:Antioch - Wikimedia Commons,,,commons.wikimedia.org,"https://commons.wikimedia.org/wiki/File:Medina_gate,_Antioch_(crop).jpg"
Category:Antioch - Wikimedia Commons,,,commons.wikimedia.org,"https://commons.wikimedia.org/wiki/File:Medina_gate,_Antioch.jpg"
Category:Antioch - Wikimedia Commons,,,commons.wikimedia.org,https://commons.wikimedia.org/wiki/File:Mosa%C3%AFque_Ph%C3%A9nix_03.JPG
Category:Antioch - Wikimedia Commons,,,commons.wikimedia.org,https://commons.wikimedia.org/wiki/File:Moslem_Teachers_And_Students_(9257797132).jpg
Category:Antioch - Wikimedia Commons,,,commons.wikimedia.org,https://commons.wikimedia.org/wiki/File:Mrs_Jusuf_Dumit_(9255017707).jpg
Category:Antioch - Wikimedia Commons,,,commons.wikimedia.org,https://commons.wikimedia.org/wiki/File:My_quest_of_the_Arab_horse_(Page_62)_BHL20334789.jpg
Category:Antioch - Wikimedia Commons,,,commons.wikimedia.org,https://commons.wikimedia.org/wiki/File:Ortelius_Daphne_Antioch.jpg
Category:Antioch - Wikimedia Commons,,,commons.wikimedia.org,https://commons.wikimedia.org/wiki/File:Ortelius_Daphne_Antioch2.jpg
Category:Antioch - Wikimedia Commons,,,commons.wikimedia.org,"https://commons.wikimedia.org/wiki/File:Part_of_the_Walls_of_Antioch,_over_a_Ravine_-_Carne_John_-_1836.jpg"
Category:Antioch - Wikimedia Commons,,,commons.wikimedia.org,https://commons.wikimedia.org/wiki/File:Patriarch_of_Antioch.jpg
Category:Antioch - Wikimedia Commons,,,commons.wikimedia.org,https://commons.wikimedia.org/wiki/File:Petroleum_pipeline_sign_-_panoramio.jpg
Category:Antioch - Wikimedia Commons,,,commons.wikimedia.org,"https://commons.wikimedia.org/wiki/File:Ridpath%27s_Universal_history_-_an_account_of_the_origin,_primitive_condition_and_ethnic_development_of_the_great_races_of_mankind,_and_of_the_principal_events_in_the_evolution_and_progress_of_the_(14597753850).jpg"
Category:Antioch - Wikimedia Commons,,,commons.wikimedia.org,"https://commons.wikimedia.org/wiki/File:RUINS_OF_IRON_GATE,_ANTIOCH_ANTAKYA,_TURKEY_(cropped).jpg"
Category:Antioch - Wikimedia Commons,,,commons.wikimedia.org,"https://commons.wikimedia.org/wiki/File:RUINS_OF_IRON_GATE,_ANTIOCH_ANTAKYA,_TURKEY.jpg"
Category:Antioch - Wikimedia Commons,,,commons.wikimedia.org,"https://commons.wikimedia.org/wiki/File:Seal_of_Michael_Kontostephanos,_duke_of_Antioch,_1055.jpg"
Category:Antioch - Wikimedia Commons,,,commons.wikimedia.org,https://commons.wikimedia.org/wiki/File:Seal_of_Romanos_Skleros_(Schlumberger).png
Category:Antioch - Wikimedia Commons,,,commons.wikimedia.org,"https://commons.wikimedia.org/wiki/File:Seal_of_Romanos_Skleros,_proedros,_stratopedarches_of_the_East,_doux_of_Antioch_(Schlumberger,_1900).png"
Category:Antioch - Wikimedia Commons,,,commons.wikimedia.org,https://commons.wikimedia.org/wiki/File:Silkworm_Cocoon_purchasing_in_Antioch.jpg
Category:Antioch - Wikimedia Commons,,,commons.wikimedia.org,https://commons.wikimedia.org/wiki/File:SMWM_Gr%C3%A4berstra%C3%9Fe_-_Inschrift_Lucius_Saplius_Agrippa.jpg
Category:Antioch - Wikimedia Commons,,,commons.wikimedia.org,"https://commons.wikimedia.org/wiki/File:Stadtmuseum_Wels,_Ovilava_Municipium_Aelium_Ovilava,_Noricum,_Austria_(51968553039).jpg"
Category:Antioch - Wikimedia Commons,,,commons.wikimedia.org,"https://commons.wikimedia.org/wiki/File:The_Kaoussie_Church,_also_known_as_the_martyrion_of_Saint_Babylas,_in_Antioch_(Syria).jpg"
Category:Antioch - Wikimedia Commons,,,commons.wikimedia.org,"https://commons.wikimedia.org/wiki/File:The_remains_of_the_massive_Temple%27s_podium,_probably_dating_to_the_end_of_the_2nd_century_AD,_Antioch_on_the_Orontes,_Antakya,_Turkey_(35477346333).jpg"
Category:Antioch - Wikimedia Commons,,,commons.wikimedia.org,"https://commons.wikimedia.org/wiki/File:The_remains_of_the_massive_Temple%27s_podium,_probably_dating_to_the_end_of_the_2nd_century_AD,_Antioch_on_the_Orontes,_Antakya,_Turkey_(36115586102).jpg"
Category:Antioch - Wikimedia Commons,,,commons.wikimedia.org,"https://commons.wikimedia.org/wiki/File:The_remains_of_the_massive_Temple%27s_podium,_probably_dating_to_the_end_of_the_2nd_century_AD,_Antioch_on_the_Orontes,_Antakya,_Turkey_(36242427836).jpg"
Category:Antioch - Wikimedia Commons,,,commons.wikimedia.org,"https://commons.wikimedia.org/wiki/File:The_remains_of_the_massive_Temple%27s_podium,_probably_dating_to_the_end_of_the_2nd_century_AD,_Antioch_on_the_Orontes,_Antakya,_Turkey_(36281570545).jpg"
Category:Antioch - Wikimedia Commons,,,commons.wikimedia.org,"https://commons.wikimedia.org/wiki/File:The_remains_of_the_massive_Temple%27s_podium,_probably_dating_to_the_end_of_the_2nd_century_AD,_Antioch_on_the_Orontes,_Antakya,_Turkey_(36281655625).jpg"
Category:Antioch - Wikimedia Commons,,,commons.wikimedia.org,"https://commons.wikimedia.org/wiki/File:The_remains_of_the_massive_Temple%27s_podium,_probably_dating_to_the_end_of_the_2nd_century_AD,_Antioch_on_the_Orontes,_Antakya,_Turkey_(36281809495).jpg"
Category:Antioch - Wikimedia Commons,,,commons.wikimedia.org,https://commons.wikimedia.org/wiki/File:Tomb_in_Antioch_(9293961499).jpg
Category:Antioch - Wikimedia Commons,,,commons.wikimedia.org,https://commons.wikimedia.org/wiki/File:Tour-Antioche-Etude_sur_les_monuments-Rey.jpg
Category:Antioch - Wikimedia Commons,,,commons.wikimedia.org,https://commons.wikimedia.org/wiki/File:Young_Folks%27_History_of_Rome_illus329.png
Category:Antioch - Wikimedia Commons,,,commons.wikimedia.org,https://commons.wikimedia.org/wiki/File:Zenobia_lead_token.png
Category:Antioch - Wikimedia Commons,,,commons.wikimedia.org,"https://commons.wikimedia.org/wiki/File:Zwart-witfoto_van_een_bewaard_gebleven_heerweg_bij_Antiochi%C3%AB,_Syri%C3%AB,_asset_l1HIOkAQeRHAaZLekLjCQaBJ.tif"
Category:Antioch - Wikimedia Commons,,,commons.wikimedia.org,https://commons.wikimedia.org/wiki/File:%D0%90%D0%BD%D1%82%D0%B8%D0%BE%D1%85%D0%B8%D1%8F_1_(%D0%91%D0%AD%D0%90%D0%9D).png
Category:Archaeological sites in Turkey - Wikimedia Commons,,,commons.wikimedia.org,https://upload.wikimedia.org/wikipedia/commons/thumb/b/b4/Flag_of_Turkey.svg/120px-Flag_of_Turkey.svg.png
Category:Archaeological sites in Turkey - Wikimedia Commons,,,commons.wikimedia.org,https://upload.wikimedia.org/wikipedia/commons/thumb/d/dd/Turkey_%28orthographic_projection%29.svg/120px-Turkey_%28orthographic_projection%29.svg.png
Category:Archaeological sites in Turkey - Wikimedia Commons,,,commons.wikimedia.org,https://commons.wikimedia.org/wiki/File:Didyma_Map.jpg
Category:Archaeological sites in Turkey - Wikimedia Commons,,,commons.wikimedia.org,https://commons.wikimedia.org/wiki/File:Karahantepe1.jpg
Category:Archaeological sites in Turkey - Wikimedia Commons,,,commons.wikimedia.org,https://commons.wikimedia.org/wiki/File:Karahantepe2.jpg
Category:Archaeological sites in Turkey - Wikimedia Commons,,,commons.wikimedia.org,https://commons.wikimedia.org/wiki/File:Karahantepe3.jpg
Category:Archaeological sites in Turkey - Wikimedia Commons,,,commons.wikimedia.org,https://commons.wikimedia.org/wiki/File:Karahantepe4.jpg
Category:Archaeological sites in Turkey - Wikimedia Commons,,,commons.wikimedia.org,https://commons.wikimedia.org/wiki/File:Karahantepe5.jpg
Category:Archaeological sites in Turkey - Wikimedia Commons,,,commons.wikimedia.org,https://commons.wikimedia.org/wiki/File:Karahantepe6.jpg
Category:Archaeological sites in Turkey - Wikimedia Commons,,,commons.wikimedia.org,https://commons.wikimedia.org/wiki/File:Karahantepe7.jpg
Category:Archaeological sites in Turkey - Wikimedia Commons,,,commons.wikimedia.org,https://commons.wikimedia.org/wiki/File:KarahantepeHumanHead.jpg
Category:Archaeological sites in Turkey - Wikimedia Commons,,,commons.wikimedia.org,https://commons.wikimedia.org/wiki/File:KarahantepeHumanStatue.jpg
Category:Archaeological sites in Turkey - Wikimedia Commons,,,commons.wikimedia.org,https://commons.wikimedia.org/wiki/File:Phrygie._Chiaour_(i.e._Ghiaour)_Kal%C3%A9%C3%A7i._Murailles_de_la_forteresse_et_figures_sculpt%C3%A9es_sur_le_roc_-_E._Guillaume_del._;_J._Laurens_Lith._;_Imp._Lemercier_rue_de_Seine_57_Paris._LCCN2009631561.tif
Category:Archaeological sites in Turkey - Wikimedia Commons,,,commons.wikimedia.org,https://commons.wikimedia.org/wiki/File:Seleucie_Chapot.png
Category:Archaeological sites in Turkey - Wikimedia Commons,,,commons.wikimedia.org,https://commons.wikimedia.org/wiki/File:Untitled_-_panoramio_-_izcoban.jpg
Category:Byzantine architecture - Wikimedia Commons,,,commons.wikimedia.org,https://commons.wikimedia.org/wiki/File:Monastir_Studenica_I.JPG
Category:Byzantine architecture - Wikimedia Commons,,,commons.wikimedia.org,https://upload.wikimedia.org/wikipedia/commons/thumb/8/80/Wikipedia-logo-v2.svg/20px-Wikipedia-logo-v2.svg.png
Category:Byzantine architecture - Wikimedia Commons,,,commons.wikimedia.org,https://upload.wikimedia.org/wikipedia/commons/thumb/9/9e/Library_of_Congress_favicon.png/20px-Library_of_Congress_favicon.png
Category:Byzantine architecture - Wikimedia Commons,,,commons.wikimedia.org,https://upload.wikimedia.org/wikipedia/commons/thumb/8/84/Logo_BnF.svg/20px-Logo_BnF.svg.png
Category:Byzantine architecture - Wikimedia Commons,,,commons.wikimedia.org,https://upload.wikimedia.org/wikipedia/commons/thumb/a/a2/BNE_logo.svg/20px-BNE_logo.svg.png
Category:Byzantine architecture - Wikimedia Commons,,,commons.wikimedia.org,https://commons.wikimedia.org/wiki/File:2016_WLM_-_OVEDC_-_PEKIIN_-_ELEF_MILIM_184.jpg
Category:Byzantine architecture - Wikimedia Commons,,,commons.wikimedia.org,https://commons.wikimedia.org/wiki/File:A_view_from_The_Sphendone_of_the_Hippodrome.jpg
Category:Byzantine architecture - Wikimedia Commons,,,commons.wikimedia.org,https://commons.wikimedia.org/wiki/File:Affreschisanleonenocera2023.png
Category:Byzantine architecture - Wikimedia Commons,,,commons.wikimedia.org,https://commons.wikimedia.org/wiki/File:Ayasofiya_Trabzon1.jpg
Category:Byzantine architecture - Wikimedia Commons,,,commons.wikimedia.org,https://commons.wikimedia.org/wiki/File:Ayasofiya_Trabzon2.jpg
Category:Byzantine architecture - Wikimedia Commons,,,commons.wikimedia.org,https://commons.wikimedia.org/wiki/File:Byzantine_Callatis_-Mangalia.jpg
Category:Byzantine architecture - Wikimedia Commons,,,commons.wikimedia.org,https://commons.wikimedia.org/wiki/File:Byzantine_church_in_Nahariya_FEB2023.jpg
Category:Byzantine architecture - Wikimedia Commons,,,commons.wikimedia.org,https://commons.wikimedia.org/wiki/File:ByzMuzeunacional.jpg
Category:Byzantine architecture - Wikimedia Commons,,,commons.wikimedia.org,https://commons.wikimedia.org/wiki/File:Cathedral_and_info_sign_at_Um_el_Jimal.jpg
Category:Byzantine architecture - Wikimedia Commons,,,commons.wikimedia.org,https://commons.wikimedia.org/wiki/File:Mitropoli_Church_Giannitsa.jpg
Category:Byzantine architecture - Wikimedia Commons,,,commons.wikimedia.org,https://commons.wikimedia.org/wiki/File:Panorama_of_the_Barracks_at_Roman_Um_al_Jimal.jpg
Category:Byzantine architecture - Wikimedia Commons,,,commons.wikimedia.org,"https://commons.wikimedia.org/wiki/File:Plan_of_the_former_Byzantine_Basilica_in_%C4%86urlina,_Doljevac,_Ni%C5%A1ava_District,_Serbia_(11168498595).jpg"
Category:Byzantine architecture - Wikimedia Commons,,,commons.wikimedia.org,"https://commons.wikimedia.org/wiki/File:Porch_in_the_Byzantine_style,_consisting_of_four_marble_columns_supporting_a_dome,_in_front_of_the_entrance_of_St_Laura_-_Curzon_Robert_-_1849.jpg"
Category:Byzantine architecture - Wikimedia Commons,,,commons.wikimedia.org,https://commons.wikimedia.org/wiki/File:Room_inside_Praetorium_Um_el_Jimal.jpg
Category:Byzantine architecture - Wikimedia Commons,,,commons.wikimedia.org,"https://commons.wikimedia.org/wiki/File:Saint_Demetrios_Church,_Volos.jpg"
Category:Byzantine architecture - Wikimedia Commons,,,commons.wikimedia.org,https://commons.wikimedia.org/wiki/File:St.Peter_-_Mount_Parnitha.jpg
Category:Byzantine architecture - Wikimedia Commons,,,commons.wikimedia.org,"https://commons.wikimedia.org/wiki/File:The_Americana;_a_universal_reference_library,_comprising_the_arts_and_sciences,_literature,_history,_biography,_geography,_commerce,_etc.,_of_the_world_(1908)_(14761661546).jpg"
Category:Byzantine architecture - Wikimedia Commons,,,commons.wikimedia.org,https://commons.wikimedia.org/wiki/File:Tyre-AlBass_ByzantineArch_RomanDeckert20112019.jpg
Category:Byzantine architecture - Wikimedia Commons,,,commons.wikimedia.org,https://commons.wikimedia.org/wiki/File:Underground_arched_reservoir.jpg
Category:Byzantine architecture - Wikimedia Commons,,,commons.wikimedia.org,https://commons.wikimedia.org/wiki/File:Voute.arete.byzantine.png
Category:Byzantine architecture - Wikimedia Commons,,,commons.wikimedia.org,https://commons.wikimedia.org/wiki/File:Zeyrek_Camii_giri%C5%9F.png
Category:Byzantine architecture - Wikimedia Commons,,,commons.wikimedia.org,https://commons.wikimedia.org/wiki/File:Zeyrek_Camii_kap%C4%B1.png
Category:Byzantine architecture - Wikimedia Commons,,,commons.wikimedia.org,https://commons.wikimedia.org/wiki/File:Zeyrek_Camii_kubbe.png
Category:Byzantine architecture - Wikimedia Commons,,,commons.wikimedia.org,https://commons.wikimedia.org/wiki/File:Zeyrek_Camii_minber.png
Category:Byzantine architecture - Wikimedia Commons,,,commons.wikimedia.org,https://commons.wikimedia.org/wiki/File:Zeyrek_Camii.png
Category:Byzantine architecture - Wikimedia Commons,,,commons.wikimedia.org,https://commons.wikimedia.org/wiki/File:Zeyrek_Sarn%C4%B1c%C4%B1_bilgilendirme_s%C3%BCtunu_T%C3%BCrk%C3%A7e_y%C3%BCz%C3%BC.png
Category:Byzantine architecture - Wikimedia Commons,,,commons.wikimedia.org,https://commons.wikimedia.org/wiki/File:Zeyrek_Sarn%C4%B1c%C4%B1_bilgilendirme_s%C3%BCtunu.png
Category:Byzantine architecture - Wikimedia Commons,,,commons.wikimedia.org,https://commons.wikimedia.org/wiki/File:Zeyrek_Sarn%C4%B1c%C4%B1_yandan_g%C3%B6r%C3%BCn%C3%BCm%C3%BC.png
Category:Byzantine architecture - Wikimedia Commons,,,commons.wikimedia.org,https://commons.wikimedia.org/wiki/File:Zeyrek_Sarn%C4%B1c%C4%B1.png
Category:Byzantine architecture - Wikimedia Commons,,,commons.wikimedia.org,https://commons.wikimedia.org/wiki/File:%CE%95%CE%BD%CE%B1%CF%80%CE%BF%CE%BC%CE%B5%CE%AF%CE%BD%CE%B1%CE%BD%CF%84%CE%B1_%CE%BC%CE%AD%CE%BB%CE%B7_%CF%84%CE%B7%CF%82_%CF%80%CE%B1%CE%BB%CE%B1%CE%B9%CE%BF%CF%87%CF%81%CE%B9%CF%83%CF%84%CE%B9%CE%B1%CE%BD%CE%B9%CE%BA%CE%AE%CF%82_%CE%B2%CE%B1%CF%83%CE%B9%CE%BB%CE%B9%CE%BA%CE%AE%CF%82_1.JPG
Category:Byzantine architecture - Wikimedia Commons,,,commons.wikimedia.org,https://commons.wikimedia.org/wiki/File:%CE%95%CE%BD%CE%B1%CF%80%CE%BF%CE%BC%CE%B5%CE%AF%CE%BD%CE%B1%CE%BD%CF%84%CE%B1_%CE%BC%CE%AD%CE%BB%CE%B7_%CF%84%CE%B7%CF%82_%CF%80%CE%B1%CE%BB%CE%B1%CE%B9%CE%BF%CF%87%CF%81%CE%B9%CF%83%CF%84%CE%B9%CE%B1%CE%BD%CE%B9%CE%BA%CE%AE%CF%82_%CE%B2%CE%B1%CF%83%CE%B9%CE%BB%CE%B9%CE%BA%CE%AE%CF%82_%CF%80%CE%AD%CF%84%CF%81%CE%B5%CF%82.JPG
Category:Byzantine architecture - Wikimedia Commons,,,commons.wikimedia.org,https://commons.wikimedia.org/wiki/File:%CE%95%CE%BD%CE%B1%CF%80%CE%BF%CE%BC%CE%B5%CE%AF%CE%BD%CE%B1%CE%BD%CF%84%CE%B1_%CE%BC%CE%AD%CE%BB%CE%B7_%CF%84%CE%B7%CF%82_%CF%80%CE%B1%CE%BB%CE%B1%CE%B9%CE%BF%CF%87%CF%81%CE%B9%CF%83%CF%84%CE%B9%CE%B1%CE%BD%CE%B9%CE%BA%CE%AE%CF%82_%CE%B2%CE%B1%CF%83%CE%B9%CE%BB%CE%B9%CE%BA%CE%AE%CF%82.JPG
Category:Churches in Antakya - Wikimedia Commons,,,commons.wikimedia.org,"https://commons.wikimedia.org/wiki/File:1_Monumental_building_2_View_of_part_of_the_wall_of_the_temple_of_Saint_Peter_in_Antakya,_Turkey_3_Funerary_stele_showin_-_Drummond_Alexander_-_1754.jpg"
Category:Churches in Antakya - Wikimedia Commons,,,commons.wikimedia.org,https://commons.wikimedia.org/wiki/File:Antakya_Catholic_Church_in_2004_01.jpg
Category:Churches in Antakya - Wikimedia Commons,,,commons.wikimedia.org,https://commons.wikimedia.org/wiki/File:Antakya_New_apostolic_church_sept_2019_6433.jpg
Category:Churches in Antakya - Wikimedia Commons,,,commons.wikimedia.org,https://commons.wikimedia.org/wiki/File:Antakya_New_apostolic_church_sept_2019_6434.jpg
Category:Churches in Antakya - Wikimedia Commons,,,commons.wikimedia.org,https://commons.wikimedia.org/wiki/File:Antakyachurchandmosque.jpg
Category:Churches in Antakya - Wikimedia Commons,,,commons.wikimedia.org,https://commons.wikimedia.org/wiki/File:Antiochian_Greek_Christians_from_Antakya_n.jpg
Category:Churches in Antakya - Wikimedia Commons,,,commons.wikimedia.org,https://commons.wikimedia.org/wiki/File:Antiochian_Orthodox_Christians_from_Antakya_-_53003405740.jpg
Category:Churches in Antakya - Wikimedia Commons,,,commons.wikimedia.org,"https://commons.wikimedia.org/wiki/File:Garden_of_the_Roman_Catholic_church_of_Antakya_(Antioch)._Hatay_province,_Turkey_-_panoramio.jpg"
Category:Earthquakes in Turkey - Wikimedia Commons,,,commons.wikimedia.org,https://commons.wikimedia.org/wiki/File:1898_Bal%C4%B1kesir_Depremi%27ne_dair_telgraf.jpg
Category:Earthquakes in Turkey - Wikimedia Commons,,,commons.wikimedia.org,https://commons.wikimedia.org/wiki/File:2017Gokova.png
Category:Earthquakes in Turkey - Wikimedia Commons,,,commons.wikimedia.org,https://commons.wikimedia.org/wiki/File:2017KosSlip.png
Category:Earthquakes in Turkey - Wikimedia Commons,,,commons.wikimedia.org,https://commons.wikimedia.org/wiki/File:2023_Turkey_Syria_EQ_faults_and_epicenters.png
Category:Earthquakes in Turkey - Wikimedia Commons,,,commons.wikimedia.org,https://upload.wikimedia.org/wikipedia/commons/thumb/e/eb/2023_Turkey-Syria_earthquake.svg/120px-2023_Turkey-Syria_earthquake.svg.png
Category:Earthquakes in Turkey - Wikimedia Commons,,,commons.wikimedia.org,https://commons.wikimedia.org/wiki/File:2023-02-06_Central_Turkey_M6.7_earthquake_shakemap_(USGS).jpg
Category:Earthquakes in Turkey - Wikimedia Commons,,,commons.wikimedia.org,https://commons.wikimedia.org/wiki/File:20230213_Turkiye_FPistilli_earthquake-0293.jpg
Category:Earthquakes in Turkey - Wikimedia Commons,,,commons.wikimedia.org,https://upload.wikimedia.org/wikipedia/commons/thumb/0/0d/Anatolian_Plate_Vectoral_Ar.svg/120px-Anatolian_Plate_Vectoral_Ar.svg.png
Category:Earthquakes in Turkey - Wikimedia Commons,,,commons.wikimedia.org,https://upload.wikimedia.org/wikipedia/commons/thumb/c/c8/Anatolian_Plate_Vectoral_ku.svg/120px-Anatolian_Plate_Vectoral_ku.svg.png
Category:Earthquakes in Turkey - Wikimedia Commons,,,commons.wikimedia.org,https://upload.wikimedia.org/wikipedia/commons/thumb/6/66/Anatolian_Plate_Vectoral.svg/120px-Anatolian_Plate_Vectoral.svg.png
Category:Earthquakes in Turkey - Wikimedia Commons,,,commons.wikimedia.org,https://upload.wikimedia.org/wikipedia/commons/thumb/f/fa/ECDM_20200615_Turkey_EQ.pdf/page1-120px-ECDM_20200615_Turkey_EQ.pdf.jpg
Category:Earthquakes in Turkey - Wikimedia Commons,,,commons.wikimedia.org,https://upload.wikimedia.org/wikipedia/commons/thumb/1/14/ECDM_20221123_EQ_Turkey%281%29.pdf/page1-120px-ECDM_20221123_EQ_Turkey%281%29.pdf.jpg
Category:Earthquakes in Turkey - Wikimedia Commons,,,commons.wikimedia.org,https://commons.wikimedia.org/wiki/File:Ickuvvetler.jpg
Category:Earthquakes in Turkey - Wikimedia Commons,,,commons.wikimedia.org,https://commons.wikimedia.org/wiki/File:Istanbul_earthquake_1754.jpg
Category:Earthquakes in Turkey - Wikimedia Commons,,,commons.wikimedia.org,https://commons.wikimedia.org/wiki/File:Istanbul_earthquake_1878.jpg
Category:Earthquakes in Turkey - Wikimedia Commons,,,commons.wikimedia.org,https://commons.wikimedia.org/wiki/File:March10-2023-kenji-yamada-visited-the-disaster-area-in-turky.jpg
Category:Earthquakes in Turkey - Wikimedia Commons,,,commons.wikimedia.org,https://commons.wikimedia.org/wiki/File:Riskli_Yap%C4%B1_levhas%C4%B1.jpg
Category:Earthquakes in Turkey - Wikimedia Commons,,,commons.wikimedia.org,https://commons.wikimedia.org/wiki/File:Turkey_seismic_hazard.jpg
Category:Earthquakes in Turkey - Wikimedia Commons,,,commons.wikimedia.org,https://commons.wikimedia.org/wiki/File:%D0%A1%D0%BF%D0%B0%D1%81%D0%B0%D1%82%D0%B5%D0%BB%D0%B8_%D0%9C%D0%A7%D0%A1_%D0%A0%D0%BE%D1%81%D1%81%D0%B8%D0%B8_%D0%B2_%D0%A2%D1%83%D1%80%D1%86%D0%B8%D0%B8.jpg
Category:Habib-i Neccar Mosque - Wikimedia Commons,,,commons.wikimedia.org,https://commons.wikimedia.org/wiki/File:Habib-i-Neccar_Camii-composite.jpg
Category:Habib-i Neccar Mosque - Wikimedia Commons,,,commons.wikimedia.org,https://commons.wikimedia.org/wiki/File:Antakya_Habib-i_Nejjar_Mosque_Interior_general_in_1996_01.jpg
Category:Habib-i Neccar Mosque - Wikimedia Commons,,,commons.wikimedia.org,https://upload.wikimedia.org/wikipedia/commons/thumb/0/01/VIAF_icon.svg/20px-VIAF_icon.svg.png
Category:Habib-i Neccar Mosque - Wikimedia Commons,,,commons.wikimedia.org,https://upload.wikimedia.org/wikipedia/commons/thumb/b/b0/Openstreetmap_logo.svg/20px-Openstreetmap_logo.svg.png
Category:Habib-i Neccar Mosque - Wikimedia Commons,,,commons.wikimedia.org,https://commons.wikimedia.org/wiki/File:A_Fountain.jpg
Category:Habib-i Neccar Mosque - Wikimedia Commons,,,commons.wikimedia.org,https://commons.wikimedia.org/wiki/File:Antakya_Habib-i_Nejjar_Mosque_Courtyard_in_1996_01.jpg
Category:Habib-i Neccar Mosque - Wikimedia Commons,,,commons.wikimedia.org,https://commons.wikimedia.org/wiki/File:Antakya_Habib-i_Nejjar_Mosque_Courtyard_in_1996_02.jpg
Category:Habib-i Neccar Mosque - Wikimedia Commons,,,commons.wikimedia.org,https://commons.wikimedia.org/wiki/File:Antakya_Habib-i_Nejjar_Mosque_Courtyard_in_2004_07.jpg
Category:Habib-i Neccar Mosque - Wikimedia Commons,,,commons.wikimedia.org,https://commons.wikimedia.org/wiki/File:Antakya_Habib-i_Nejjar_Mosque_Courtyard_in_2004_08.jpg
Category:Habib-i Neccar Mosque - Wikimedia Commons,,,commons.wikimedia.org,https://commons.wikimedia.org/wiki/File:Antakya_Habib-i_Nejjar_Mosque_Courtyard_in_2004_09.jpg
Category:Habib-i Neccar Mosque - Wikimedia Commons,,,commons.wikimedia.org,https://commons.wikimedia.org/wiki/File:Antakya_Habib-i_Nejjar_Mosque_Courtyard_in_2004_10.jpg
Category:Habib-i Neccar Mosque - Wikimedia Commons,,,commons.wikimedia.org,https://commons.wikimedia.org/wiki/File:Antakya_Habib-i_Nejjar_Mosque_Courtyard_in_2004_13.jpg
Category:Habib-i Neccar Mosque - Wikimedia Commons,,,commons.wikimedia.org,https://commons.wikimedia.org/wiki/File:Antakya_Habib-i_Nejjar_Mosque_Courtyard_in_2008_03.jpg
Category:Habib-i Neccar Mosque - Wikimedia Commons,,,commons.wikimedia.org,https://commons.wikimedia.org/wiki/File:Antakya_Habib-i_Nejjar_Mosque_Courtyard_in_2008_04.jpg
Category:Habib-i Neccar Mosque - Wikimedia Commons,,,commons.wikimedia.org,https://commons.wikimedia.org/wiki/File:Antakya_Habib-i_Nejjar_Mosque_Courtyard_in_2019_05.jpg
Category:Habib-i Neccar Mosque - Wikimedia Commons,,,commons.wikimedia.org,https://commons.wikimedia.org/wiki/File:Antakya_Habib-i_Nejjar_Mosque_Courtyard_in_2019_06.jpg
Category:Habib-i Neccar Mosque - Wikimedia Commons,,,commons.wikimedia.org,https://commons.wikimedia.org/wiki/File:Antakya_Habib-i_Nejjar_Mosque_Entrance_to_courtyard_in_2019_14.jpg
Category:Habib-i Neccar Mosque - Wikimedia Commons,,,commons.wikimedia.org,https://commons.wikimedia.org/wiki/File:Antakya_Habib-i_Nejjar_Mosque_Exterior_in_2004_15.jpg
Category:Habib-i Neccar Mosque - Wikimedia Commons,,,commons.wikimedia.org,https://commons.wikimedia.org/wiki/File:Antakya_Habib-i_Nejjar_Mosque_Exterior_in_2004_16.jpg
Category:Habib-i Neccar Mosque - Wikimedia Commons,,,commons.wikimedia.org,https://commons.wikimedia.org/wiki/File:Antakya_Habib-i_Nejjar_Mosque_Exterior_in_2004_17.jpg
Category:Habib-i Neccar Mosque - Wikimedia Commons,,,commons.wikimedia.org,https://commons.wikimedia.org/wiki/File:Antakya_Habib-i_Nejjar_Mosque_Fountain_in_2008_18.jpg
Category:Habib-i Neccar Mosque - Wikimedia Commons,,,commons.wikimedia.org,https://commons.wikimedia.org/wiki/File:Antakya_Habib-i_Nejjar_Mosque_Text_in_2019_18.jpg
Category:Habib-i Neccar Mosque - Wikimedia Commons,,,commons.wikimedia.org,https://commons.wikimedia.org/wiki/File:Antakya_Habibi_Neccar_Deprem_Sonras%C4%B1.jpg
Category:Habib-i Neccar Mosque - Wikimedia Commons,,,commons.wikimedia.org,https://commons.wikimedia.org/wiki/File:ANTAKYA_HAB%C4%B0B-%C4%B0_NECCAR_CAM%C4%B0%C4%B0_EYL%C3%9CL_2011_-_panoramio.jpg
Category:Habib-i Neccar Mosque - Wikimedia Commons,,,commons.wikimedia.org,https://commons.wikimedia.org/wiki/File:END-_MG_5203-Edit1.jpg
Category:Habib-i Neccar Mosque - Wikimedia Commons,,,commons.wikimedia.org,https://commons.wikimedia.org/wiki/File:END-_MG_5961-Edit1.jpg
Category:Habib-i Neccar Mosque - Wikimedia Commons,,,commons.wikimedia.org,https://commons.wikimedia.org/wiki/File:Habib%27i_Neccar_Mosque.jpg
Category:Habib-i Neccar Mosque - Wikimedia Commons,,,commons.wikimedia.org,https://commons.wikimedia.org/wiki/File:Habib-i_Neccar_Camii.jpg
Category:Habib-i Neccar Mosque - Wikimedia Commons,,,commons.wikimedia.org,https://commons.wikimedia.org/wiki/File:Habib-i_Neccar_Mosque_Antakya.jpg
Category:Habib-i Neccar Mosque - Wikimedia Commons,,,commons.wikimedia.org,https://commons.wikimedia.org/wiki/File:Habib-i_Neccar_Mosque.jpg
Category:Habib-i Neccar Mosque - Wikimedia Commons,,,commons.wikimedia.org,https://commons.wikimedia.org/wiki/File:Habib-i-Neccar_Camii-left.jpg
Category:Habib-i Neccar Mosque - Wikimedia Commons,,,commons.wikimedia.org,https://commons.wikimedia.org/wiki/File:Habibi_Neccar_Camii.jpg
Category:Habib-i Neccar Mosque - Wikimedia Commons,,,commons.wikimedia.org,https://commons.wikimedia.org/wiki/File:Hatayhabibineccar.jpg
Category:Historical photographs of Turkey - Wikimedia Commons,,,commons.wikimedia.org,https://commons.wikimedia.org/static/images/icons/commonswiki.svg
Category:Historical photographs of Turkey - Wikimedia Commons,,,commons.wikimedia.org,https://commons.wikimedia.org/wiki/Special:CentralAutoLogin/start?type=1x1&usesul3=1
Category:Mosques in Antakya - Wikimedia Commons,,,commons.wikimedia.org,https://commons.wikimedia.org/wiki/File:Antakya_Abdulgazi_mosque_in_2011_2692.jpg
Category:Mosques in Antakya - Wikimedia Commons,,,commons.wikimedia.org,https://commons.wikimedia.org/wiki/File:Antakya_Unidentified_Mosque_A_in_2004_04.jpg
Category:Mosques in Antakya - Wikimedia Commons,,,commons.wikimedia.org,https://commons.wikimedia.org/wiki/File:Antakya_Unidentified_Mosque_A_in_2004_05.jpg
Category:Mosques in Antakya - Wikimedia Commons,,,commons.wikimedia.org,https://commons.wikimedia.org/wiki/File:Antakya_Unidentified_Mosque_A_in_2004_06.jpg
Category:Mosques in Antakya - Wikimedia Commons,,,commons.wikimedia.org,https://commons.wikimedia.org/wiki/File:Antakya_Unidentified_Mosque_D_in_2004_01.jpg
Category:Mosques in Antakya - Wikimedia Commons,,,commons.wikimedia.org,https://commons.wikimedia.org/wiki/File:Antakya_Unidentified_Mosque_D_in_2004_02.jpg
Category:Mosques in Antakya - Wikimedia Commons,,,commons.wikimedia.org,https://commons.wikimedia.org/wiki/File:Antakya_Unidentified_Mosque_in_2004_07.jpg
Category:Mosques in Antakya - Wikimedia Commons,,,commons.wikimedia.org,https://commons.wikimedia.org/wiki/File:Antakya_Unidentified_Mosque_in_2004_08.jpg
Category:Mosques in Antakya - Wikimedia Commons,,,commons.wikimedia.org,https://commons.wikimedia.org/wiki/File:Antakya_Unidentified_Mosque_in_2004_11.jpg
Category:Mosques in Antakya - Wikimedia Commons,,,commons.wikimedia.org,https://commons.wikimedia.org/wiki/File:Antakya_Unidentified_mosque_in_2004_41.jpg
Category:Mosques in Antakya - Wikimedia Commons,,,commons.wikimedia.org,https://commons.wikimedia.org/wiki/File:Antakya_Unidentified_Mosque_in_2008_02.jpg
Category:Mosques in Antakya - Wikimedia Commons,,,commons.wikimedia.org,https://commons.wikimedia.org/wiki/File:Antakya_Unidentified_Mosque_in_2008_03.jpg
Category:Mosques in Antakya - Wikimedia Commons,,,commons.wikimedia.org,https://commons.wikimedia.org/wiki/File:Antakya_Unidentified_Mosque_in_2008_04.jpg
Category:Mosques in Antakya - Wikimedia Commons,,,commons.wikimedia.org,https://commons.wikimedia.org/wiki/File:Antakya_Unidentified_Mosque_in_2008_05.jpg
Category:Mosques in Antakya - Wikimedia Commons,,,commons.wikimedia.org,https://commons.wikimedia.org/wiki/File:Antakya_Unidentified_mosque_in_2008_40.jpg
Category:Mosques in Antakya - Wikimedia Commons,,,commons.wikimedia.org,https://commons.wikimedia.org/wiki/File:Antakya_Unidentified_mosque_in_2008_6182.jpg
Category:Mosques in Antakya - Wikimedia Commons,,,commons.wikimedia.org,https://commons.wikimedia.org/wiki/File:Antakya_Unidentified_Mosque_in_2011_06.jpg
Category:Mosques in Antakya - Wikimedia Commons,,,commons.wikimedia.org,"https://commons.wikimedia.org/wiki/File:Mosque_in_the_hills_above_Antakya,_Turkey_-_panoramio.jpg"
Category:Ottoman architecture - Wikimedia Commons,,,commons.wikimedia.org,"https://commons.wikimedia.org/wiki/File:Exterior_of_Sultan_Ahmed_I_Mosque,_(old_name_P1020390.jpg).jpg"
Category:Ottoman architecture - Wikimedia Commons,,,commons.wikimedia.org,https://commons.wikimedia.org/wiki/File:1839-22-Court_of_a_Turkish_Villa.png
Category:Ottoman architecture - Wikimedia Commons,,,commons.wikimedia.org,https://commons.wikimedia.org/wiki/File:AHTUR0078.jpg
Category:Ottoman architecture - Wikimedia Commons,,,commons.wikimedia.org,https://commons.wikimedia.org/wiki/File:An_Ottoman_cemetry_in_Suleymaniye_Complex..jpg
Category:Ottoman architecture - Wikimedia Commons,,,commons.wikimedia.org,"https://commons.wikimedia.org/wiki/File:Ba%C4%9Fdat_K%C3%B6%C5%9Fk%C3%BC,_or_Kiosk_of_Baghdad,_located_in_Topkap%C4%B1_Palace..jpg"
Category:Ottoman architecture - Wikimedia Commons,,,commons.wikimedia.org,https://commons.wikimedia.org/wiki/File:Bisri_Bridge.jpg
Category:Ottoman architecture - Wikimedia Commons,,,commons.wikimedia.org,"https://commons.wikimedia.org/wiki/File:Bosphorus,_sightseeing_from_the_courtyard_of_Suleymaniye_Complex..jpg"
Category:Ottoman architecture - Wikimedia Commons,,,commons.wikimedia.org,https://commons.wikimedia.org/wiki/File:Details_of_the_Fountain_of_Ahmed_III..jpg
Category:Ottoman architecture - Wikimedia Commons,,,commons.wikimedia.org,https://commons.wikimedia.org/wiki/File:Fehime_Sultan_Hazretlerinin_Sahilhanesi.jpg
Category:Ottoman architecture - Wikimedia Commons,,,commons.wikimedia.org,https://commons.wikimedia.org/wiki/File:Giannitsa-grande-place-qGGx5.jpg
Category:Ottoman architecture - Wikimedia Commons,,,commons.wikimedia.org,https://commons.wikimedia.org/wiki/File:Hagia_Sophia_Hurrem_sultan_Bathhouse.jpg
Category:Ottoman architecture - Wikimedia Commons,,,commons.wikimedia.org,https://commons.wikimedia.org/wiki/File:Hatice_Sultan_Hazretlerinin_Sahilhanesi.jpg
Category:Ottoman architecture - Wikimedia Commons,,,commons.wikimedia.org,https://commons.wikimedia.org/wiki/File:Kula-u-Tutnjevcu.jpg
Category:Ottoman architecture - Wikimedia Commons,,,commons.wikimedia.org,https://commons.wikimedia.org/wiki/File:Kula-vrata-Tutnjevac.jpg
Category:Ottoman architecture - Wikimedia Commons,,,commons.wikimedia.org,https://commons.wikimedia.org/wiki/File:K%C3%BCtahya_Dumlup%C4%B1nar_%C3%9Cniversitesi_Evliya_%C3%87elebi_Yerle%C5%9Fkesi.jpg
Category:Ottoman architecture - Wikimedia Commons,,,commons.wikimedia.org,https://commons.wikimedia.org/wiki/File:K%C3%BCtahya_Dumlup%C4%B1nar_%C3%9Cniversitesi_Ta%C3%A7_Kap%C4%B1.jpg
Category:Ottoman architecture - Wikimedia Commons,,,commons.wikimedia.org,https://commons.wikimedia.org/wiki/File:Mimar-Sinan-Mosque-Sofia.jpg
Category:Ottoman architecture - Wikimedia Commons,,,commons.wikimedia.org,https://commons.wikimedia.org/wiki/File:Ottoman_fort_on_Farasan_Islands.jpg
Category:Ottoman architecture - Wikimedia Commons,,,commons.wikimedia.org,"https://commons.wikimedia.org/wiki/File:Photo_of_the_Fountain,_taken_by_BWV784_with_Nikon_D3100..jpg"
Category:Ottoman architecture - Wikimedia Commons,,,commons.wikimedia.org,"https://commons.wikimedia.org/wiki/File:Photo_of_the_Selimiye_Barracks,_photo_taken_from_Topkap%C4%B1_Palace..jpg"
Category:Ottoman architecture - Wikimedia Commons,,,commons.wikimedia.org,https://commons.wikimedia.org/wiki/File:Saat_Kulesi_%C4%B0zmir.jpg
Category:Ottoman architecture - Wikimedia Commons,,,commons.wikimedia.org,https://commons.wikimedia.org/wiki/File:Types_of_Residential_architecture_during_Mamluk_and_Ottoman_eras.jpg
Category:Ottoman architecture - Wikimedia Commons,,,commons.wikimedia.org,https://commons.wikimedia.org/wiki/File:Wooden_Ceiling_Ornamentations_in_Traditional_Turkish_Houses_(16034969609).jpg
Category:Ruins in Turkey - Wikimedia Commons,,,commons.wikimedia.org,https://commons.wikimedia.org/wiki/File:1pics.jpg
Category:Ruins in Turkey - Wikimedia Commons,,,commons.wikimedia.org,https://commons.wikimedia.org/wiki/File:20131205_Istanbul_286.jpg
Category:Ruins in Turkey - Wikimedia Commons,,,commons.wikimedia.org,https://commons.wikimedia.org/wiki/File:9.resim.jpg
Category:Ruins in Turkey - Wikimedia Commons,,,commons.wikimedia.org,https://commons.wikimedia.org/wiki/File:Adana_tarihi_eser.png
Category:Ruins in Turkey - Wikimedia Commons,,,commons.wikimedia.org,https://commons.wikimedia.org/wiki/File:Akhisar_ruins_Tempemezari_1.jpg
Category:Ruins in Turkey - Wikimedia Commons,,,commons.wikimedia.org,https://commons.wikimedia.org/wiki/File:Akhisar_ruins_Tempemezari_2.jpg
Category:Ruins in Turkey - Wikimedia Commons,,,commons.wikimedia.org,"https://commons.wikimedia.org/wiki/File:Akkale_Yol,_Kumkuyu.jpg"
Category:Ruins in Turkey - Wikimedia Commons,,,commons.wikimedia.org,https://commons.wikimedia.org/wiki/File:Alexandria_Troas_Thermen.JPG
Category:Ruins in Turkey - Wikimedia Commons,,,commons.wikimedia.org,https://commons.wikimedia.org/wiki/File:Apollon_tap%C4%B1na%C4%9F%C4%B1.jpg
Category:Ruins in Turkey - Wikimedia Commons,,,commons.wikimedia.org,https://commons.wikimedia.org/wiki/File:Arbo_2.jpg
Category:Ruins in Turkey - Wikimedia Commons,,,commons.wikimedia.org,https://commons.wikimedia.org/wiki/File:Ardahan_09_1984_Yayla_auf_dem_Ardahan-Lavaplateau_Detail.jpg
Category:Ruins in Turkey - Wikimedia Commons,,,commons.wikimedia.org,https://commons.wikimedia.org/wiki/File:Ardahan_09_1984_Yayla_auf_dem_Ardahan-Lavaplateau.jpg
Category:Ruins in Turkey - Wikimedia Commons,,,commons.wikimedia.org,https://commons.wikimedia.org/wiki/File:Asar_Hill.jpg
Category:Ruins in Turkey - Wikimedia Commons,,,commons.wikimedia.org,https://commons.wikimedia.org/wiki/File:Bafa_Lake_Island.JPG
Category:Ruins in Turkey - Wikimedia Commons,,,commons.wikimedia.org,https://commons.wikimedia.org/wiki/File:Bafa_Lake_Kapikiri.JPG
Category:Ruins in Turkey - Wikimedia Commons,,,commons.wikimedia.org,https://commons.wikimedia.org/wiki/File:Bekirbey_hamam%C4%B1.jpg
Category:Ruins in Turkey - Wikimedia Commons,,,commons.wikimedia.org,https://commons.wikimedia.org/wiki/File:Bild_fr%C3%A5n_familjen_von_Hallwyls_resa_genom_Mindre_Asien_och_Turkiet_27_April_-_20_Juni_1901._Kartal_-_Hallwylska_museet_-_103228.tif
Category:Ruins in Turkey - Wikimedia Commons,,,commons.wikimedia.org,https://commons.wikimedia.org/wiki/File:Bozcaada_Ilford_sfx_200_00003.jpg
Category:Ruins in Turkey - Wikimedia Commons,,,commons.wikimedia.org,https://commons.wikimedia.org/wiki/File:Columns_of_Thiatira.jpg
Category:Ruins in Turkey - Wikimedia Commons,,,commons.wikimedia.org,https://commons.wikimedia.org/wiki/File:Cubuktashamamhssadic.jpg
Category:Ruins in Turkey - Wikimedia Commons,,,commons.wikimedia.org,https://commons.wikimedia.org/wiki/File:DEYRYAKUPMANASTIRI.jpg
Category:Ruins in Turkey - Wikimedia Commons,,,commons.wikimedia.org,https://commons.wikimedia.org/wiki/File:Elaz%C4%B1%C4%9F170931.jpg
Category:Ruins in Turkey - Wikimedia Commons,,,commons.wikimedia.org,https://commons.wikimedia.org/wiki/File:Esenyayla_Tarihi_Kal%C4%B1nt%C4%B1.jpg
Category:Ruins in Turkey - Wikimedia Commons,,,commons.wikimedia.org,https://commons.wikimedia.org/wiki/File:Eski_Besni_16_04_2004_Ruinenfeld_mit_Minarett_der_Ulu_Cami.jpg
Category:Ruins in Turkey - Wikimedia Commons,,,commons.wikimedia.org,https://commons.wikimedia.org/wiki/File:Eski_Besni_16_04_2004_Ulu_Cami-Minarett_mit_Burgberg.jpg
Category:Ruins in Turkey - Wikimedia Commons,,,commons.wikimedia.org,https://commons.wikimedia.org/wiki/File:E%C4%9Frib%C3%BCk.jpg
Category:Ruins in Turkey - Wikimedia Commons,,,commons.wikimedia.org,https://commons.wikimedia.org/wiki/File:G%C3%96REME_-_panoramio.jpg
Category:Ruins in Turkey - Wikimedia Commons,,,commons.wikimedia.org,https://commons.wikimedia.org/wiki/File:KASIR_(2).jpg
Category:Ruins in Turkey - Wikimedia Commons,,,commons.wikimedia.org,https://commons.wikimedia.org/wiki/File:KASIR.jpg
Category:Ruins in Turkey - Wikimedia Commons,,,commons.wikimedia.org,https://commons.wikimedia.org/wiki/File:Kizikos_Hadrian_Tap%C4%B1na%C4%9F%C4%B1_kal%C4%B1nt%C4%B1lar%C4%B1.jpg
Category:Ruins in Turkey - Wikimedia Commons,,,commons.wikimedia.org,https://commons.wikimedia.org/wiki/File:Konakli_ancient_roman_ruins.jpg
Category:Ruins in Turkey - Wikimedia Commons,,,commons.wikimedia.org,https://commons.wikimedia.org/wiki/File:Konya_(provincia)_1998_04.jpg
Category:Ruins in Turkey - Wikimedia Commons,,,commons.wikimedia.org,https://commons.wikimedia.org/wiki/File:Kyzikos_(Kizikos)_antik_kenti.jpg
Category:Ruins in Turkey - Wikimedia Commons,,,commons.wikimedia.org,"https://commons.wikimedia.org/wiki/File:Old_lighthouse_on_Baba_Adasi_island_with_a_view_of_Sarigerme,_Turkey_(49070263193).jpg"
Category:Ruins in Turkey - Wikimedia Commons,,,commons.wikimedia.org,"https://commons.wikimedia.org/wiki/File:Old_lighthouse_on_Baba_Adasi_island,_Turkey_(49070992037).jpg"
Category:Ruins in Turkey - Wikimedia Commons,,,commons.wikimedia.org,https://commons.wikimedia.org/wiki/File:OTElamanHaniOsmanKarawanserei2.jpg
Category:Ruins in Turkey - Wikimedia Commons,,,commons.wikimedia.org,https://commons.wikimedia.org/wiki/File:Resim_074.jpg
Category:Ruins in Turkey - Wikimedia Commons,,,commons.wikimedia.org,https://commons.wikimedia.org/wiki/File:Santa_harabeleri.jpg
Category:Ruins in Turkey - Wikimedia Commons,,,commons.wikimedia.org,https://commons.wikimedia.org/wiki/File:Soguksu_22_04_1984_Eskimanyas_und_antikes_Poemanenus.jpg
Category:Ruins in Turkey - Wikimedia Commons,,,commons.wikimedia.org,https://commons.wikimedia.org/wiki/File:So%C4%9Fuksu_22_04_1984_Eskimanyas_Akropolis_Poemanenus.jpg
Category:Ruins in Turkey - Wikimedia Commons,,,commons.wikimedia.org,https://commons.wikimedia.org/wiki/File:Su_kemeri.jpg
Category:Ruins in Turkey - Wikimedia Commons,,,commons.wikimedia.org,https://commons.wikimedia.org/wiki/File:Sumatar_Hb_29.05.2010_Tempelreste_550.jpg
Category:Ruins in Turkey - Wikimedia Commons,,,commons.wikimedia.org,https://commons.wikimedia.org/wiki/File:Ta%C5%9Feli-Plateau_20_09_1984_Kanl%C4%B1divane_Riesendoline_Kanytelleis.jpg
Category:Ruins in Turkey - Wikimedia Commons,,,commons.wikimedia.org,https://commons.wikimedia.org/wiki/File:Turkey_2006_(132767737).jpeg
Category:Ruins in Turkey - Wikimedia Commons,,,commons.wikimedia.org,https://commons.wikimedia.org/wiki/File:Turkey_2006_(132767769).jpeg
Category:Ruins in Turkey - Wikimedia Commons,,,commons.wikimedia.org,https://commons.wikimedia.org/wiki/File:Turkey-2493_(2216289857)_(2).jpg
Category:Ruins in Turkey - Wikimedia Commons,,,commons.wikimedia.org,https://commons.wikimedia.org/wiki/File:Turkey-3042_(2217254936).jpg
Category:Ruins in Turkey - Wikimedia Commons,,,commons.wikimedia.org,https://commons.wikimedia.org/wiki/File:Yamyaml%C4%B1%C4%9F%C4%B1n_Tarihi_Ve_Van%E2%80%99da_%C4%B0nsan_Yiyen_Bir_Topluluk_Mirovharlar_(page_18_croop).jpg
Category:Ruins in Turkey - Wikimedia Commons,,,commons.wikimedia.org,https://commons.wikimedia.org/wiki/File:Yamyaml%C4%B1%C4%9F%C4%B1n_Tarihi_Ve_Van%E2%80%99da_%C4%B0nsan_Yiyen_Bir_Topluluk_Mirovharlar_(page_19_crop).jpg
Category:Ruins in Turkey - Wikimedia Commons,,,commons.wikimedia.org,https://commons.wikimedia.org/wiki/File:%C5%9Eebinkarahisar_09_1984_Ta%C5%9Fhan.jpg
Category:Ruins in Turkey - Wikimedia Commons,,,commons.wikimedia.org,https://commons.wikimedia.org/wiki/File:%D0%97%D0%B0%D0%B1%D1%80%D0%BE%D1%88%D0%B5%D0%BD%D0%BD%D0%BE%D0%B5_%D0%BF%D0%BE%D1%81%D0%B5%D0%BB%D0%B5%D0%BD%D0%B8%D0%B5_V-XIII_%D0%B2%D0%B5%D0%BA%D0%B0_%D0%BE%D0%BA%D0%BE%D0%BB%D0%BE_%D1%80%D0%B5%D0%BA%D0%B8_%D0%90%D0%BB%D0%B0%D1%80%D0%B0_(%D0%BE%D1%82%D0%BA%D1%80%D1%8B%D1%82%D0%BE_%D0%98%D0%BD%D0%B4%D0%B5%D0%B9%D0%BA%D0%B8%D0%BD%D1%8B%D0%BC_%D0%92.%D0%92.)_-_panoramio.jpg
Category:Ruins in Turkey - Wikimedia Commons,,,commons.wikimedia.org,https://commons.wikimedia.org/wiki/File:%D0%97%D0%B0%D0%B1%D1%80%D0%BE%D1%88%D0%B5%D0%BD%D0%BD%D0%BE%D0%B5_%D0%BF%D0%BE%D1%81%D0%B5%D0%BB%D0%B5%D0%BD%D0%B8%D0%B5_V-XIII_%D0%B2%D0%B5%D0%BA%D0%BE%D0%B2_%D0%BE%D0%BA%D0%BE%D0%BB%D0%BE_%D1%80%D0%B5%D0%BA%D0%B8_%D0%90%D0%BB%D0%B0%D1%80%D0%B0_(%D0%BE%D1%82%D0%BA%D1%80%D1%8B%D1%82%D0%BE_%D0%98%D0%BD%D0%B4%D0%B5%D0%B9%D0%BA%D0%B8%D0%BD%D1%8B%D0%BC_%D0%92.%D0%92.)_-_panoramio.jpg
Category:Ruins in Turkey - Wikimedia Commons,,,commons.wikimedia.org,https://commons.wikimedia.org/wiki/File:%D0%9A%D1%83%D0%BB%D1%8C%D1%82%D0%BE%D0%B2%D0%BE%D0%B5_%D1%81%D0%BE%D0%BE%D1%80%D1%83%D0%B6%D0%B5%D0%BD%D0%B8%D0%B5_%D0%B2_%D0%B7%D0%B0%D0%B1%D1%80%D0%BE%D1%88%D0%B5%D0%BD%D0%BD%D0%BE%D0%BC_%D0%B4%D1%80%D0%B5%D0%B2%D0%BD%D0%B5%D0%BC_(%D0%B4%D0%BE%D1%82%D1%83%D1%80%D0%B5%D1%86%D0%BA%D0%BE%D0%BC)_%D0%B3%D0%BE%D1%80%D0%BE%D0%B4%D0%B5_%D0%BE%D0%BA%D0%BE%D0%BB%D0%BE_%D1%80.%D0%90%D0%BB%D0%B0%D1%80%D0%B0_-_panoramio.jpg
Edit infobox data on Wikidata,,,commons.wikimedia.org,https://upload.wikimedia.org/wikipedia/commons/thumb/7/73/Blue_pencil.svg/20px-Blue_pencil.svg.png
Map,,,commons.wikimedia.org,"https://maps.wikimedia.org/img/osm-intl,a,a,a,250x250.png?lang=en&domain=commons.wikimedia.org&title=Category%3AArchaeological_sites_in_Turkey&revid=734070561&groups=_07f04f3cb52940eebc10a30e250386ff85f183a2"
Map,,,commons.wikimedia.org,"https://maps.wikimedia.org/img/osm-intl,a,a,a,250x250.png?lang=en&domain=commons.wikimedia.org&title=Category%3ARuins_in_Turkey&revid=951893102&groups=_07f04f3cb52940eebc10a30e250386ff85f183a2"
Map,,,commons.wikimedia.org,"https://maps.wikimedia.org/img/osm-intl,a,a,a,250x250.png?lang=en&domain=commons.wikimedia.org&title=Category%3AEarthquakes_in_Turkey&revid=821208199&groups=_07f04f3cb52940eebc10a30e250386ff85f183a2"
Map,,,commons.wikimedia.org,"https://maps.wikimedia.org/img/osm-intl,15,a,a,250x250.png?lang=en&domain=commons.wikimedia.org&title=Category%3AHabib-i_Neccar_Mosque&revid=1034436825&groups=_1904fdfebfc0403fc73ae209bc4b595ee5ee4161"
Map,,,commons.wikimedia.org,"https://maps.wikimedia.org/img/osm-intl,a,a,a,250x250.png?lang=en&domain=commons.wikimedia.org&title=Category%3AAntakya&revid=697247886&groups=_8ff480c5c6a5d32383a74c1e58c60166bbce348f"
Map,,,commons.wikimedia.org,"https://maps.wikimedia.org/img/osm-intl,11,a,a,250x250.png?lang=en&domain=commons.wikimedia.org&title=Category%3AAntioch&revid=731560547&groups=_5b6f991d1b681d193ae362c79ba3cd393ea40bb7"
Powered by MediaWiki,,,commons.wikimedia.org,https://commons.wikimedia.org/w/resources/assets/mediawiki_compact.svg
Wikidata,,,commons.wikimedia.org,https://upload.wikimedia.org/wikipedia/commons/thumb/f/ff/Wikidata-logo.svg/20px-Wikidata-logo.svg.png
Wikimedia Commons,,,commons.wikimedia.org,https://commons.wikimedia.org/static/images/mobile/copyright/commonswiki-wordmark.svg
Wikimedia Foundation,,,commons.wikimedia.org,https://commons.wikimedia.org/static/images/footer/wikimedia.svg
,,,commons.wikimedia.org,https://commons.wikimedia.org/wiki/File:ECDM_20200615_Turkey_EQ.pdf
,,,commons.wikimedia.org,https://commons.wikimedia.org/wiki/File:ECDM_20221123_EQ_Turkey(1).pdf
Facebook,,,loc.gov,https://cdn.loc.gov/images/img-foot/facebook.gif
Flickr,,,loc.gov,https://cdn.loc.gov/images/img-foot/flickr.gif
Library of Congress,,,loc.gov,https://cdn.loc.gov/images/img-head/logo-loc.png
Pinterest,,,loc.gov,https://cdn.loc.gov/images/img-foot/pinterest.gif
Prints & Photographs Online Catalog,,,loc.gov,https://www.loc.gov/pictures/static/images/ppoc_branding.gif
"Search Results: ""antakya"" - 
            Prints & Photographs Online Catalog (Library of Congress)",,,loc.gov,https://www.loc.gov/pictures/static/images/next_off.gif
"Search Results: ""antioch turkey"" - 
            Prints & Photographs Online Catalog (Library of Congress)",,,loc.gov,https://www.loc.gov/pictures/static/images/search_arrow.png
"Search Results: ""antioch turkey"" - 
            Prints & Photographs Online Catalog (Library of Congress)",,,loc.gov,https://www.loc.gov/pictures/static/images/next.gif
"Search Results: ""antioch turkey"" - 
            Prints & Photographs Online Catalog (Library of Congress)",,,loc.gov,https://www.loc.gov/pictures/static/images/list.gif
"Search Results: ""antioch turkey"" - 
            Prints & Photographs Online Catalog (Library of Congress)",,,loc.gov,https://www.loc.gov/pictures/static/images/gallery.gif
"Search Results: ""antioch turkey"" - 
            Prints & Photographs Online Catalog (Library of Congress)",,,loc.gov,https://www.loc.gov/pictures/static/images/grid.gif
"Search Results: ""antioch turkey"" - 
            Prints & Photographs Online Catalog (Library of Congress)",,,loc.gov,https://www.loc.gov/pictures/static/images/plus_off.gif
Twitter,,,loc.gov,https://cdn.loc.gov/images/img-foot/twitter.gif
YouTube,,,loc.gov,https://cdn.loc.gov/images/img-foot/youtube.gif
digitized item thumbnail,#gallery 2019698598,,loc.gov,https://tile.loc.gov/storage-services/service/pnp/matpc/07100/07197_75x75px.jpg
digitized item thumbnail,#gallery 2019698611,,loc.gov,https://tile.loc.gov/storage-services/service/pnp/matpc/07100/07198_75x75px.jpg
digitized item thumbnail,#gallery 2025167155,,loc.gov,https://tile.loc.gov/storage-services/service/pnp/ds/17600/17621_75x75px.jpg
digitized item thumbnail,#gallery 2006675877,,loc.gov,https://tile.loc.gov/storage-services/service/pnp/ppmsca/10700/10718_75x75px.jpg
digitized item thumbnail,#gallery 2009632301,,loc.gov,https://tile.loc.gov/storage-services/service/pnp/stereo/1s40000/1s40000/1s40000/1s40035_75x75px.jpg
digitized item thumbnail,#gallery 2006675879,,loc.gov,https://tile.loc.gov/storage-services/service/pnp/ppmsca/10700/10716_75x75px.jpg
digitized item thumbnail,#gallery 2006675870,,loc.gov,https://tile.loc.gov/storage-services/service/pnp/ppmsca/10700/10715_75x75px.jpg
digitized item thumbnail,#gallery 2019695869,,loc.gov,https://tile.loc.gov/storage-services/service/pnp/matpc/02100/02193_75x75px.jpg
digitized item thumbnail,#gallery 2019695864,,loc.gov,https://tile.loc.gov/storage-services/service/pnp/matpc/02100/02181_75x75px.jpg
digitized item thumbnail,#gallery 2019695865,,loc.gov,https://tile.loc.gov/storage-services/service/pnp/matpc/02100/02183_75x75px.jpg
digitized item thumbnail,#gallery 2019695866,,loc.gov,https://tile.loc.gov/storage-services/service/pnp/matpc/02100/02184_75x75px.jpg
digitized item thumbnail,#gallery 2019695885,,loc.gov,https://tile.loc.gov/storage-services/service/pnp/matpc/02100/02182_75x75px.jpg
digitized item thumbnail,#gallery 2019695983,,loc.gov,https://tile.loc.gov/storage-services/service/pnp/matpc/02100/02191_75x75px.jpg
digitized item thumbnail,#gallery 2019695904,,loc.gov,https://tile.loc.gov/storage-services/service/pnp/matpc/02200/02216_75x75px.jpg
digitized item thumbnail,#gallery 2019705648,,loc.gov,https://tile.loc.gov/storage-services/service/pnp/matpc/22900/22988_75x75px.jpg
digitized item thumbnail,#gallery 2019705649,,loc.gov,https://tile.loc.gov/storage-services/service/pnp/matpc/22900/22989_75x75px.jpg
digitized item thumbnail,#gallery 2006675871,,loc.gov,https://tile.loc.gov/storage-services/service/pnp/ppmsca/10700/10714_75x75px.jpg
digitized item thumbnail,#gallery 2019695867,,loc.gov,https://tile.loc.gov/storage-services/service/pnp/matpc/02100/02185_75x75px.jpg
digitized item thumbnail,#gallery 2019695868,,loc.gov,https://tile.loc.gov/storage-services/service/pnp/matpc/02100/02189_75x75px.jpg
digitized item thumbnail,#gallery 2019695870,,loc.gov,https://tile.loc.gov/storage-services/service/pnp/matpc/02100/02194_75x75px.jpg
digitized item thumbnail,#gallery 2007675299,,loc.gov,https://www.loc.gov/pictures/static/images/item/group_of_images_75x75_white.png
digitized item thumbnail,#gallery 2009632285,,loc.gov,https://tile.loc.gov/storage-services/service/pnp/stereo/1s40000/1s40000/1s40200/1s40201_75x75px.jpg
digitized item thumbnail,#gallery 2003667970,,loc.gov,https://tile.loc.gov/storage-services/service/pnp/ppmsca/03700/03770_75x75px.jpg
digitized item thumbnail,#gallery 2009632290,,loc.gov,https://tile.loc.gov/storage-services/service/pnp/stereo/1s40000/1s40000/1s40000/1s40055_75x75px.jpg
digitized item thumbnail,#gallery 2009632275,,loc.gov,https://tile.loc.gov/storage-services/service/pnp/ds/00900/00984_75x75px.jpg
digitized item thumbnail,#gallery 2009632286,,loc.gov,https://tile.loc.gov/storage-services/service/pnp/stereo/1s40000/1s40000/1s40000/1s40050_75x75px.jpg
digitized item thumbnail,#gallery 2003667968,,loc.gov,https://tile.loc.gov/storage-services/service/pnp/ppmsca/03700/03768_75x75px.jpg
digitized item thumbnail,#gallery 2009631561,,loc.gov,https://tile.loc.gov/storage-services/service/pnp/ppmsca/22200/22249_75x75px.jpg
digitized item thumbnail,#gallery 2009631558,,loc.gov,https://tile.loc.gov/storage-services/service/pnp/ppmsca/22200/22251_75x75px.jpg
digitized item thumbnail,#gallery 92513535,,loc.gov,https://tile.loc.gov/storage-services/service/pnp/cph/3c00000/3c06000/3c06100/3c06157_75x75px.jpg
digitized item thumbnail,#gallery 2009632291,,loc.gov,https://tile.loc.gov/storage-services/service/pnp/ds/00300/00357_75x75px.jpg
digitized item thumbnail,#gallery 2009632273,,loc.gov,https://tile.loc.gov/storage-services/service/pnp/stereo/1s40000/1s40000/1s40000/1s40017_75x75px.jpg
digitized item thumbnail,#gallery 2009632277,,loc.gov,https://tile.loc.gov/storage-services/service/pnp/stereo/1s40000/1s40000/1s40000/1s40051_75x75px.jpg
digitized item thumbnail,#gallery 2009632280,,loc.gov,https://tile.loc.gov/storage-services/service/pnp/stereo/1s40000/1s40000/1s40000/1s40028_75x75px.jpg
digitized item thumbnail,#gallery 2009632284,,loc.gov,https://tile.loc.gov/storage-services/service/pnp/stereo/1s40000/1s40000/1s40000/1s40023_75x75px.jpg
digitized item thumbnail,#gallery 92513350,,loc.gov,https://tile.loc.gov/storage-services/service/pnp/cph/3b30000/3b32000/3b32200/3b32282_75x75px.jpg
digitized item thumbnail,#gallery 92513357,,loc.gov,https://tile.loc.gov/storage-services/service/pnp/cph/3b30000/3b32000/3b32200/3b32284_75x75px.jpg
digitized item thumbnail,#gallery 2022654896,,loc.gov,https://tile.loc.gov/storage-services/service/pnp/cph/3a30000/3a35000/3a35500/3a35538_75x75px.jpg
digitized item thumbnail,#gallery 2002724980,,loc.gov,https://tile.loc.gov/storage-services/service/pnp/ppmsca/02600/02670_75x75px.jpg
digitized item thumbnail,#gallery 2019692615,,loc.gov,https://tile.loc.gov/storage-services/service/pnp/matpc/01100/01119_75x75px.jpg
digitized item thumbnail,#gallery 2019692636,,loc.gov,https://tile.loc.gov/storage-services/service/pnp/matpc/01100/01140_75x75px.jpg
digitized item thumbnail,#gallery 2019693624,,loc.gov,https://tile.loc.gov/storage-services/service/pnp/matpc/02900/02903_75x75px.jpg
digitized item thumbnail,#gallery 2019697545,,loc.gov,https://tile.loc.gov/storage-services/service/pnp/matpc/06100/06129_75x75px.jpg
digitized item thumbnail,#gallery 2019691811,,loc.gov,https://tile.loc.gov/storage-services/service/pnp/matpc/00200/00229_75x75px.jpg
digitized item thumbnail,#gallery 2019694123,,loc.gov,https://tile.loc.gov/storage-services/service/pnp/matpc/03700/03727_75x75px.jpg
digitized item thumbnail,#gallery 2019694146,,loc.gov,https://tile.loc.gov/storage-services/service/pnp/matpc/03700/03750_75x75px.jpg
digitized item thumbnail,#gallery 2008676355,,loc.gov,https://tile.loc.gov/storage-services/service/pnp/ppmsca/38400/38441_75x75px.jpg
digitized item thumbnail,#gallery 2004674261,,loc.gov,https://tile.loc.gov/storage-services/service/pnp/ppmsca/04900/04961_75x75px.jpg
digitized item thumbnail,#gallery 2022642660,,loc.gov,https://tile.loc.gov/storage-services/service/pnp/ppmsca/67400/67439_75x75px.jpg
digitized item thumbnail,#gallery 2022642668,,loc.gov,https://tile.loc.gov/storage-services/service/pnp/ppmsca/67400/67447_75x75px.jpg
digitized item thumbnail,#gallery 2022642674,,loc.gov,https://tile.loc.gov/storage-services/service/pnp/ppmsca/67400/67453_75x75px.jpg
digitized item thumbnail,#gallery 2022642675,,loc.gov,https://tile.loc.gov/storage-services/service/pnp/ppmsca/67400/67454_75x75px.jpg
digitized item thumbnail,#gallery 2022642700,,loc.gov,https://tile.loc.gov/storage-services/service/pnp/ppmsca/67400/67479_75x75px.jpg
digitized item thumbnail,#gallery 2022642703,,loc.gov,https://tile.loc.gov/storage-services/service/pnp/ppmsca/67400/67482_75x75px.jpg
digitized item thumbnail,#gallery 2022642706,,loc.gov,https://tile.loc.gov/storage-services/service/pnp/ppmsca/67400/67485_75x75px.jpg
digitized item thumbnail,#gallery 2022642708,,loc.gov,https://tile.loc.gov/storage-services/service/pnp/ppmsca/67400/67487_75x75px.jpg
digitized item thumbnail,#gallery 2022642720,,loc.gov,https://tile.loc.gov/storage-services/service/pnp/ppmsca/67400/67499_75x75px.jpg
digitized item thumbnail,#gallery nh0009,,loc.gov,https://www.loc.gov/pictures/static/images/item/HABS_group_75x75_white.png
digitized item thumbnail,#gallery 2017677543,,loc.gov,https://tile.loc.gov/storage-services/service/pnp/anrc/11800/11883_75x75px.jpg
digitized item thumbnail,#gallery 2017669654,,loc.gov,https://tile.loc.gov/storage-services/service/pnp/anrc/03600/03683_75x75px.jpg
digitized item thumbnail,#gallery 2017667264,,loc.gov,https://tile.loc.gov/storage-services/service/pnp/anrc/01200/01242_75x75px.jpg
digitized item thumbnail,#gallery 2017667274,,loc.gov,https://tile.loc.gov/storage-services/service/pnp/anrc/01200/01252_75x75px.jpg
digitized item thumbnail,#gallery 2010650522,,loc.gov,https://tile.loc.gov/storage-services/service/pnp/cph/3c30000/3c39000/3c39300/3c39330_75x75px.jpg
digitized item thumbnail,#gallery 2017667639,,loc.gov,https://tile.loc.gov/storage-services/service/pnp/anrc/01600/01648_75x75px.jpg
digitized item thumbnail,#gallery 2017669051,,loc.gov,https://tile.loc.gov/storage-services/service/pnp/anrc/03000/03075_75x75px.jpg
digitized item thumbnail,#gallery 2003653113,,loc.gov,https://tile.loc.gov/storage-services/service/pnp/ppmsca/03000/03040_75x75px.jpg
digitized item thumbnail,#gallery 2003653114,,loc.gov,https://tile.loc.gov/storage-services/service/pnp/ppmsca/03000/03041_75x75px.jpg
digitized item thumbnail,#gallery 2022644423,,loc.gov,https://tile.loc.gov/storage-services/service/pnp/stereo/1s40000/1s40000/1s40000/1s40091_75x75px.jpg
digitized item thumbnail,#gallery 2022645463,,loc.gov,https://tile.loc.gov/storage-services/service/pnp/stereo/1s40000/1s40000/1s40000/1s40073_75x75px.jpg
digitized item thumbnail,#gallery 2001699438,,loc.gov,https://tile.loc.gov/storage-services/service/pnp/ppmsc/06000/06073_75x75px.jpg
digitized item thumbnail,#gallery 2001699451,,loc.gov,https://tile.loc.gov/storage-services/service/pnp/ppmsc/06000/06000_75x75px.jpg
digitized item thumbnail,#gallery 2017677701,,loc.gov,https://tile.loc.gov/storage-services/service/pnp/anrc/12000/12087_75x75px.jpg
digitized item thumbnail,#gallery 2017677702,,loc.gov,https://tile.loc.gov/storage-services/service/pnp/anrc/12000/12089_75x75px.jpg
digitized item thumbnail,#gallery 2004669710,,loc.gov,https://tile.loc.gov/storage-services/service/pnp/cph/3c30000/3c34000/3c34200/3c34206_75x75px.jpg
digitized item thumbnail,#gallery 2007681007,,loc.gov,https://tile.loc.gov/storage-services/service/pnp/cph/3a40000/3a44000/3a44600/3a44685_75x75px.jpg
digitized item thumbnail,#gallery 2022644521,,loc.gov,https://tile.loc.gov/storage-services/service/pnp/stereo/1s40000/1s40000/1s40100/1s40189_75x75px.jpg
digitized item thumbnail,#gallery 2022644503,,loc.gov,https://tile.loc.gov/storage-services/service/pnp/stereo/1s40000/1s40000/1s40100/1s40171_75x75px.jpg
digitized item thumbnail,#gallery 2003662021,,loc.gov,https://tile.loc.gov/storage-services/service/pnp/cph/3b20000/3b27000/3b27800/3b27883_75x75px.jpg
digitized item thumbnail,#gallery 2001698201,,loc.gov,https://tile.loc.gov/storage-services/service/pnp/cph/3b20000/3b27000/3b27700/3b27706_75x75px.jpg
digitized item thumbnail,#gallery 2001698205,,loc.gov,https://tile.loc.gov/storage-services/service/pnp/cph/3b20000/3b27000/3b27700/3b27713_75x75px.jpg
digitized item thumbnail,#gallery 2001698206,,loc.gov,https://tile.loc.gov/storage-services/service/pnp/cph/3b20000/3b27000/3b27700/3b27701_75x75px.jpg
digitized item thumbnail,#gallery 2001698249,,loc.gov,https://tile.loc.gov/storage-services/service/pnp/cph/3b20000/3b27000/3b27700/3b27716_75x75px.jpg
digitized item thumbnail,#gallery 2001699019,,loc.gov,https://tile.loc.gov/storage-services/service/pnp/cph/3b20000/3b27000/3b27700/3b27719_75x75px.jpg
digitized item thumbnail,#gallery 2001699022,,loc.gov,https://tile.loc.gov/storage-services/service/pnp/cph/3b20000/3b27000/3b27700/3b27722_75x75px.jpg
digitized item thumbnail,#gallery 2001699023,,loc.gov,https://tile.loc.gov/storage-services/service/pnp/cph/3b20000/3b27000/3b27700/3b27723_75x75px.jpg
digitized item thumbnail,#gallery 2001699027,,loc.gov,https://tile.loc.gov/storage-services/service/pnp/cph/3b20000/3b27000/3b27700/3b27727_75x75px.jpg
digitized item thumbnail,#gallery 2001699034,,loc.gov,https://tile.loc.gov/storage-services/service/pnp/cph/3b20000/3b27000/3b27700/3b27734_75x75px.jpg
digitized item thumbnail,#gallery 2001699039,,loc.gov,https://tile.loc.gov/storage-services/service/pnp/cph/3b20000/3b27000/3b27700/3b27739_75x75px.jpg
digitized item thumbnail,#gallery 2017680030,,loc.gov,https://tile.loc.gov/storage-services/service/pnp/anrc/15000/15019_75x75px.jpg
digitized item thumbnail,#gallery 2023633429,,loc.gov,https://tile.loc.gov/storage-services/service/pnp/vrg/18800/18822_75x75px.jpg
digitized item thumbnail,#gallery 2005676145,,loc.gov,https://tile.loc.gov/storage-services/service/pnp/cph/3b00000/3b05000/3b05200/3b05242_75x75px.jpg
digitized item thumbnail,#gallery nj1657.photos.347779p,,loc.gov,https://tile.loc.gov/storage-services/service/pnp/habshaer/nj/nj1600/nj1657/photos/347779p_75x75px.jpg
digitized item thumbnail,#gallery 2019693237,,loc.gov,https://tile.loc.gov/storage-services/service/pnp/matpc/01700/01763_75x75px.jpg
digitized item thumbnail,#gallery 2019694065,,loc.gov,https://tile.loc.gov/storage-services/service/pnp/matpc/03700/03758_75x75px.jpg
digitized item thumbnail,#gallery 2018700126,,loc.gov,https://tile.loc.gov/storage-services/service/pnp/highsm/52000/52008_75x75px.jpg
digitized item thumbnail,#gallery 2019691332,,loc.gov,https://tile.loc.gov/storage-services/service/pnp/highsm/58900/58908_75x75px.jpg
digitized item thumbnail,#gallery pa2927.photos.035906p,,loc.gov,https://tile.loc.gov/storage-services/service/pnp/habshaer/pa/pa2900/pa2927/photos/035906p_75x75px.jpg
digitized item thumbnail,#gallery 2019689200,,loc.gov,https://tile.loc.gov/storage-services/service/pnp/highsm/56700/56776_75x75px.jpg
digitized item thumbnail,#gallery 2019689954,,loc.gov,https://tile.loc.gov/storage-services/service/pnp/highsm/57500/57530_75x75px.jpg
digitized item thumbnail,#gallery pa2410.photos.131579p,,loc.gov,https://tile.loc.gov/storage-services/service/pnp/habshaer/pa/pa2400/pa2410/photos/131579p_75x75px.jpg
digitized item thumbnail,#gallery pa2410.photos.131580p,,loc.gov,https://tile.loc.gov/storage-services/service/pnp/habshaer/pa/pa2400/pa2410/photos/131580p_75x75px.jpg
digitized item thumbnail,#gallery pa2410.photos.131581p,,loc.gov,https://tile.loc.gov/storage-services/service/pnp/habshaer/pa/pa2400/pa2410/photos/131581p_75x75px.jpg
digitized item thumbnail,#gallery pa2410.photos.131582p,,loc.gov,https://tile.loc.gov/storage-services/service/pnp/habshaer/pa/pa2400/pa2410/photos/131582p_75x75px.jpg
digitized item thumbnail,#gallery pa2410.photos.131583p,,loc.gov,https://tile.loc.gov/storage-services/service/pnp/habshaer/pa/pa2400/pa2410/photos/131583p_75x75px.jpg
digitized item thumbnail,#gallery pa2410.photos.131584p,,loc.gov,https://tile.loc.gov/storage-services/service/pnp/habshaer/pa/pa2400/pa2410/photos/131584p_75x75px.jpg
digitized item thumbnail,#gallery pa2410.photos.131585p,,loc.gov,https://tile.loc.gov/storage-services/service/pnp/habshaer/pa/pa2400/pa2410/photos/131585p_75x75px.jpg
group item thumbnail,#gallery 2007682827,,loc.gov,https://www.loc.gov/pictures/static/images/item/group_of_images_75x75_solid.png
group item thumbnail,#gallery 2005676184,,loc.gov,https://www.loc.gov/pictures/static/images/item/grouprecord_square.png
item not digitized thumbnail,#gallery 2010633485,,loc.gov,https://www.loc.gov/pictures/static/images/item/not_digitized_buttons75X75.png
no previous pages,,,loc.gov,https://www.loc.gov/pictures/static/images/prev_off.gif
